[
  {
    "title": "让你的代码更简短，更整洁，更易读的ES6小技巧",
    "tags": "angular,react",
    "readNum": "34",
    "date": "2018-03-01",
    "content": "<h5>test  test</h5>"
  },
  {
    "title": "让你的代码更简短，更整洁，更易读的ES6小技巧",
    "tags": "angular,react",
    "readNum": "34",
    "date": "2018-03-02",
    "content": "<h5>test  test</h5>"
  },
  {
    "title": "让你的代码更简短，更整洁，更易读的ES6小技巧",
    "tags": "angular,react",
    "readNum": "34",
    "date": "2018-03-03",
    "content": "<h5>test  test</h5>"
  },
  {
    "title": "让你的代码更简短，更整洁，更易读的ES6小技巧",
    "tags": "angular,react",
    "readNum": "34",
    "date": "2018-03-04",
    "content": "<h5>test  test</h5>"
  },
  {
    "title": "让你的代码更简短，更整洁，更易读的ES6小技巧",
    "tags": "angular,react",
    "readNum": "34",
    "date": "2018-03-05",
    "content": "<h5>test  test</h5>"
  },
  {
    "title": "让你的代码更简短，更整洁，更易读的ES6小技巧",
    "tags": "angular,react",
    "readNum": "34",
    "date": "2018-03-06",
    "content": "<h5>test  test</h5>"
  },
  {
    "title": "让你的代码更简短，更整洁，更易读的ES6小技巧",
    "tags": "angular,react",
    "readNum": "34",
    "date": "2018-04-01",
    "content": "<h5>test  test</h5>"
  },
  {
    "title": "让你的代码更简短，更整洁，更易读的ES6小技巧",
    "tags": "angular,react",
    "readNum": "34",
    "date": "2018-04-03",
    "content": "<h5>test  test</h5>"
  },
  {
    "title": "让你的代码更简短，更整洁，更易读的ES6小技巧",
    "tags": "angular,react",
    "readNum": "34",
    "date": "2018-04-02",
    "content": "<h5>test  test</h5>"
  },
  {
    "title": "让你的代码更简短，更整洁，更易读的ES6小技巧",
    "tags": "angular,react",
    "readNum": "34",
    "date": "2018-04-05",
    "content": "<h5>test  test</h5>"
  },
  {
    "title": "让你的代码更简短，更整洁，更易读的ES6小技巧",
    "tags": "angular,react",
    "readNum": "34",
    "date": "2018-05-02",
    "content": "<h5>test  test</h5>"
  }
]